[{"id":"user-image-iJXwquv.jpg","publicUrl":"np://user.desktop.nicepage.com/Site_59049993/images/iJXwquv.jpg","size":787289,"hash":"zm/JDsQI+QhaEXrP87ysA2GKy7s=","fileName":"iJXwquv.jpg","name":"iJXwquv","width":4500,"height":5143,"thumbnail":{"url":"np://user.desktop.nicepage.com/Site_59049993/images/thumbnails/iJXwquv.jpg","width":219,"height":250},"folderId":null,"usages":["2689903425"]},{"id":"user-image-QOeVMOv.jpg","publicUrl":"np://user.desktop.nicepage.com/Site_59049993/images/QOeVMOv.jpg","size":587281,"hash":"tvA0OKK2JhFtseq5Ip3ZwPNrC9w=","fileName":"QOeVMOv.jpg","name":"QOeVMOv","width":3000,"height":5000,"thumbnail":{"url":"np://user.desktop.nicepage.com/Site_59049993/images/thumbnails/QOeVMOv.jpg","width":150,"height":250},"folderId":null,"usages":["2689903425"]},{"id":"user-image-Pt2JMDb.jpg","publicUrl":"np://user.desktop.nicepage.com/Site_59049993/images/Pt2JMDb.jpg","size":2655866,"hash":"oACq+Xt1NlnbWJIj+8/M+I8kCH4=","fileName":"Pt2JMDb.jpg","name":"Pt2JMDb","width":6250,"height":8000,"thumbnail":{"url":"np://user.desktop.nicepage.com/Site_59049993/images/thumbnails/Pt2JMDb.jpg","width":195,"height":250},"folderId":null,"usages":["2689903425"]},{"id":"user-image-pfp2.png","publicUrl":"np://user.desktop.nicepage.com/Site_59049993/images/pfp2.png","size":214123,"hash":"gpipk5xr6TJ57qjWZ4+3BcJWi6c=","fileName":"pfp2.png","name":"pfp2","width":1500,"height":1500,"thumbnail":{"url":"np://user.desktop.nicepage.com/Site_59049993/images/thumbnails/pfp2.png","width":250,"height":250},"folderId":null,"usages":[]},{"id":"user-image-favicon.ico","publicUrl":"np://user.desktop.nicepage.com/Site_59049993/images/favicon.ico","size":15406,"hash":"L7SpXDvvsFUhnHVVqfoYzQ4F44c=","fileName":"favicon.ico","name":"favicon","width":16,"height":16,"thumbnail":{"url":"np://user.desktop.nicepage.com/Site_59049993/images/favicon.ico","width":16,"height":16,"images":[{"width":16,"height":16},{"width":32,"height":32},{"width":48,"height":48}],"length":15406,"type":"ico"},"folderId":null,"usages":[]}]